j_watanabe@ciras.co.jp,Ciras0405,1,j_watanabe
k_takase@ciras.co.jp,Ciras0405,1,k_takase
m_teduka@ciras.co.jp,Ciras0405,0,m_teduka
h_kamata@ciras.co.jp,Ciras0405,0,h_kamata
m_yagi@ciras.co.jp,Ciras0405,0,m_yagi
s_hongo@ciras.co.jp,Ciras0405,0,s_hongo
y_kaneko@ciras.co.jp,Ciras0405,0,y_kaneko
a_sugawara@ciras.co.jp,Ciras0405,0,a_sugawara
k_wada@ciras.co.jp,Ciras0405,0,k_wada
r_suzuki@ciras.co.jp,Ciras0405,0,r_suzuki
